filename,class
abacate1.jpg,abacate
abacate2.jpg,abacate
abacate3.jpg,abacate
abacate4.jpg,abacate
abacate5.jpg,abacate
abacate6.jpg,abacate
abacate7.jpg,abacate
abacate8.jpg,abacate
abacate9.jpg,abacate
abacate10.jpg,abacate
abacate11.jpg,abacate
abacate12.jpg,abacate
abacate13.jpg,abacate
abacate14.jpg,abacate
abacate15.jpg,abacate
abacate16.jpg,abacate
abacate17.jpg,abacate
abacate18.jpg,abacate
abacate19.jpg,abacate
abacate20.jpg,abacate
abacate21.jpg,abacate
abacate22.jpg,abacate
abacate23.jpg,abacate
abacate24.jpg,abacate
abacate25.jpg,abacate
abacate26.jpg,abacate
abacate27.jpg,abacate
abacate28.jpg,abacate
abacate29.jpg,abacate
abacate30.jpg,abacate
abacate31.jpg,abacate
abacate32.jpg,abacate
abacate33.jpg,abacate
abacate34.jpg,abacate
abacate35.jpg,abacate
abacate36.jpg,abacate
abacate37.jpg,abacate
abacate38.jpg,abacate
abacate39.jpg,abacate
abacate40.jpg,abacate
abacate41.jpg,abacate
abacate42.jpg,abacate
abacate43.jpg,abacate
abacate44.jpg,abacate
abacate45.jpg,abacate
abacate46.jpg,abacate
abacate47.jpg,abacate
abacate48.jpg,abacate
abacate49.jpg,abacate
abacate50.jpg,abacate
abacate51.jpg,abacate
abacate52.jpg,abacate
abacate53.jpg,abacate
abacate54.jpg,abacate
abacate55.jpg,abacate
abacate56.jpg,abacate
abacate57.jpg,abacate
abacate58.jpg,abacate
abacate59.jpg,abacate
abacate60.jpg,abacate
abacate61.jpg,abacate
abacate62.jpg,abacate
abacate63.jpg,abacate
abacate64.jpg,abacate
abacate65.jpg,abacate
abacate66.jpg,abacate
abacate67.jpg,abacate
abacate68.jpg,abacate
abacate69.jpg,abacate
abacate70.jpg,abacate
abacate71.jpg,abacate
abacate72.jpg,abacate
abacate73.jpg,abacate
abacate74.jpg,abacate
abacate75.jpg,abacate
abacate76.jpg,abacate
abacate77.jpg,abacate
abacate78.jpg,abacate
abacate79.jpg,abacate
abacate80.jpg,abacate
abacate81.jpg,abacate
abacate82.jpg,abacate
abacate83.jpg,abacate
abacate84.jpg,abacate
abacate85.jpg,abacate
abacate86.jpg,abacate
abacate87.jpg,abacate
abacate88.jpg,abacate
abacate89.jpg,abacate
abacate90.jpg,abacate
abacate91.jpg,abacate
abacate92.jpg,abacate
abacate93.jpg,abacate
abacate94.jpg,abacate
abacate95.jpg,abacate
abacate96.jpg,abacate
abacate97.jpg,abacate
abacate98.jpg,abacate
abacate99.jpg,abacate
abacate100.jpg,abacate
abacate101.jpg,abacate
abacate102.jpg,abacate
abacate103.jpg,abacate
abacate104.jpg,abacate
abacate105.jpg,abacate
abacate106.jpg,abacate
abacate107.jpg,abacate
abacate108.jpg,abacate
abacate109.jpg,abacate
abacate110.jpg,abacate
abacate111.jpg,abacate
abacate112.jpg,abacate
abacate113.jpg,abacate
abacate114.jpg,abacate
abacate115.jpg,abacate
abacate116.jpg,abacate
abacate117.jpg,abacate
abacate118.jpg,abacate
abacate119.jpg,abacate
abacate120.jpg,abacate
abacate121.jpg,abacate
abacate122.jpg,abacate
abacate123.jpg,abacate
abacate124.jpg,abacate
abacate125.jpg,abacate
abacate126.jpg,abacate
abacate127.jpg,abacate
abacate128.jpg,abacate
abacate129.jpg,abacate
abacate130.jpg,abacate
abacate131.jpg,abacate
abacate132.jpg,abacate
abacate133.jpg,abacate
abacate134.jpg,abacate
abacate135.jpg,abacate
abacate136.jpg,abacate
abacate137.jpg,abacate
abacate138.jpg,abacate
abacate139.jpg,abacate
abacate140.jpg,abacate
abacate141.jpg,abacate
abacate142.jpg,abacate
abacate143.jpg,abacate
abacate144.jpg,abacate
abacate145.jpg,abacate
abacate146.jpg,abacate
abacate147.jpg,abacate
abacate148.jpg,abacate
abacate149.jpg,abacate
abacate150.jpg,abacate
abacate151.jpg,abacate
abacate152.jpg,abacate
abacate153.jpg,abacate
abacate154.jpg,abacate
abacate155.jpg,abacate
abacate156.jpg,abacate
abacate157.jpg,abacate
abacate158.jpg,abacate
abacate159.jpg,abacate
abacate160.jpg,abacate
abacate161.jpg,abacate
abacate162.jpg,abacate
abacate163.jpg,abacate
abacate164.jpg,abacate
abacate165.jpg,abacate
abacate166.jpg,abacate
abacate167.jpg,abacate
abacate168.jpg,abacate
abacate169.jpg,abacate
abacate170.jpg,abacate
abacate171.jpg,abacate
abacate172.jpg,abacate
abacate173.jpg,abacate
abacate174.jpg,abacate
abacate175.jpg,abacate
abacate176.jpg,abacate
abacate177.jpg,abacate
abacate178.jpg,abacate
abacate179.jpg,abacate
abacate180.jpg,abacate
abacate181.jpg,abacate
abacate182.jpg,abacate
abacate183.jpg,abacate
abacate184.jpg,abacate
abacate185.jpg,abacate
abacate186.jpg,abacate
abacate187.jpg,abacate
abacate188.jpg,abacate
abacate189.jpg,abacate
abacate190.jpg,abacate
abacate191.jpg,abacate
abacate192.jpg,abacate
abacate193.jpg,abacate
abacate194.jpg,abacate
abacate195.jpg,abacate
abacate196.jpg,abacate
abacate197.jpg,abacate
abacate198.jpg,abacate
abacate199.jpg,abacate
abacate200.jpg,abacate
abacate201.jpg,abacate
abacate202.jpg,abacate
abacate203.jpg,abacate
abacate204.jpg,abacate
abacate205.jpg,abacate
abacate206.jpg,abacate
abacate207.jpg,abacate
abacate208.jpg,abacate
abacate209.jpg,abacate
abacate210.jpg,abacate
abacate211.jpg,abacate
abacate212.jpg,abacate
abacate213.jpg,abacate
abacate214.jpg,abacate
abacate215.jpg,abacate
abacate216.jpg,abacate
abacate217.jpg,abacate
abacate218.jpg,abacate
abacate219.jpg,abacate
abacate220.jpg,abacate
abacate221.jpg,abacate
abacate222.jpg,abacate
abacate223.jpg,abacate
abacate224.jpg,abacate
abacate225.jpg,abacate
abacate226.jpg,abacate
abacate227.jpg,abacate
abacate228.jpg,abacate
abacate229.jpg,abacate
abacate230.jpg,abacate
abacate231.jpg,abacate
abacate232.jpg,abacate
abacate233.jpg,abacate
abacate234.jpg,abacate
abacate235.jpg,abacate
abacate236.jpg,abacate
abacate237.jpg,abacate
abacate238.jpg,abacate
abacate239.jpg,abacate
abacate240.jpg,abacate
abacate241.jpg,abacate
abacate242.jpg,abacate
abacate243.jpg,abacate
abacate244.jpg,abacate
abacate245.jpg,abacate
abacate246.jpg,abacate
abacate247.jpg,abacate
abacate248.jpg,abacate
abacate249.jpg,abacate
abacate250.jpg,abacate
abacate251.jpg,abacate
abacate252.jpg,abacate
abacate253.jpg,abacate
abacate254.jpg,abacate
abacate255.jpg,abacate
abacate256.jpg,abacate
abacate257.jpg,abacate
abacate258.jpg,abacate
abacate259.jpg,abacate
abacate260.jpg,abacate
abacate261.jpg,abacate
abacate262.jpg,abacate
abacate263.jpg,abacate
abacate264.jpg,abacate
abacate265.jpg,abacate
abacate266.jpg,abacate
abacate267.jpg,abacate
abacate268.jpg,abacate
abacate269.jpg,abacate
abacate270.jpg,abacate
abacate271.jpg,abacate
abacate272.jpg,abacate
abacate273.jpg,abacate
abacate274.jpg,abacate
abacate275.jpg,abacate
abacate276.jpg,abacate
abacate277.jpg,abacate
abacate278.jpg,abacate
abacate279.jpg,abacate
abacate280.jpg,abacate
abacate281.jpg,abacate
abacate282.jpg,abacate
abacate283.jpg,abacate
abacate284.jpg,abacate
abacate285.jpg,abacate
abacate286.jpg,abacate
abacate287.jpg,abacate
abacate288.jpg,abacate
abacate289.jpg,abacate
abacate290.jpg,abacate
abacate291.jpg,abacate
abacate292.jpg,abacate
abacate293.jpg,abacate
abacate294.jpg,abacate
abacate295.jpg,abacate
abacate296.jpg,abacate
abacate297.jpg,abacate
abacate298.jpg,abacate
abacate299.jpg,abacate
abacate300.jpg,abacate
abacate301.jpg,abacate
abacate302.jpg,abacate
abacate303.jpg,abacate
abacate304.jpg,abacate
abacate305.jpg,abacate
abacate306.jpg,abacate
abacate307.jpg,abacate
abacate308.jpg,abacate
abacate309.jpg,abacate
abacate310.jpg,abacate
abacate311.jpg,abacate
abacate312.jpg,abacate
abacate313.jpg,abacate
abacate314.jpg,abacate
abacate315.jpg,abacate
abacate316.jpg,abacate
abacate317.jpg,abacate
abacate318.jpg,abacate
abacate319.jpg,abacate
abacate320.jpg,abacate
abacate321.jpg,abacate
abacate322.jpg,abacate
abacate323.jpg,abacate
abacate324.jpg,abacate
abacate325.jpg,abacate
abacate326.jpg,abacate
abacate327.jpg,abacate
abacate328.jpg,abacate
abacate329.jpg,abacate
abacate330.jpg,abacate
abacate331.jpg,abacate
abacate332.jpg,abacate
abacate333.jpg,abacate
abacate334.jpg,abacate
abacate335.jpg,abacate
abacate336.jpg,abacate
abacate337.jpg,abacate
abacate338.jpg,abacate
abacate339.jpg,abacate
abacate340.jpg,abacate
abacate341.jpg,abacate
abacate342.jpg,abacate
abacate343.jpg,abacate
abacate344.jpg,abacate
abacate345.jpg,abacate
abacate346.jpg,abacate
abacate347.jpg,abacate
abacate348.jpg,abacate
abacate349.jpg,abacate
abacate350.jpg,abacate
abacate351.jpg,abacate
abacate352.jpg,abacate
abacate353.jpg,abacate
abacate354.jpg,abacate
abacate355.jpg,abacate
abacate356.jpg,abacate
abacate357.jpg,abacate
abacate358.jpg,abacate
abacate359.jpg,abacate
abacate360.jpg,abacate
abacate361.jpg,abacate
abacate362.jpg,abacate
abacate363.jpg,abacate
abacate364.jpg,abacate
abacate365.jpg,abacate
abacate366.jpg,abacate
abacate367.jpg,abacate
abacate368.jpg,abacate
abacate369.jpg,abacate
abacate370.jpg,abacate
abacate371.jpg,abacate
abacate372.jpg,abacate
abacate373.jpg,abacate
abacate374.jpg,abacate
abacate375.jpg,abacate
abacate376.jpg,abacate
abacate377.jpg,abacate
abacate378.jpg,abacate
abacate379.jpg,abacate
abacate380.jpg,abacate
abacate381.jpg,abacate
abacate382.jpg,abacate
abacate383.jpg,abacate
abacate384.jpg,abacate
abacate385.jpg,abacate
abacate386.jpg,abacate
abacate387.jpg,abacate
abacate388.jpg,abacate
abacate389.jpg,abacate
abacate390.jpg,abacate
abacate391.jpg,abacate
abacate392.jpg,abacate
abacate393.jpg,abacate
abacate394.jpg,abacate
abacate395.jpg,abacate
abacate396.jpg,abacate
abacate397.jpg,abacate
abacate398.jpg,abacate
abacate399.jpg,abacate
abacate400.jpg,abacate
abacate401.jpg,abacate
abacate402.jpg,abacate
abacate403.jpg,abacate
abacate404.jpg,abacate
abacate405.jpg,abacate
abacate406.jpg,abacate
abacate407.jpg,abacate
abacate408.jpg,abacate
abacate409.jpg,abacate
abacate410.jpg,abacate
abacate411.jpg,abacate
abacate412.jpg,abacate
abacate413.jpg,abacate
abacate414.jpg,abacate
abacate415.jpg,abacate
abacate416.jpg,abacate
abacate417.jpg,abacate
abacate418.jpg,abacate
abacate419.jpg,abacate
abacate420.jpg,abacate
abacate421.jpg,abacate
abacate422.jpg,abacate
abacate423.jpg,abacate
abacate424.jpg,abacate
abacate425.jpg,abacate
abacate426.jpg,abacate
abacate427.jpg,abacate
abacate428.jpg,abacate
abacate429.jpg,abacate
abacate430.jpg,abacate
abacate431.jpg,abacate
abacate432.jpg,abacate
abacate433.jpg,abacate
abacate434.jpg,abacate
abacate435.jpg,abacate
abacate436.jpg,abacate
abacate437.jpg,abacate
abacate438.jpg,abacate
abacate439.jpg,abacate
abacate440.jpg,abacate
abacate441.jpg,abacate
abacate442.jpg,abacate
abacate443.jpg,abacate
abacate444.jpg,abacate
abacate445.jpg,abacate
abacate446.jpg,abacate
abacate447.jpg,abacate
abacate448.jpg,abacate
abacate449.jpg,abacate
abacate450.jpg,abacate
abacate451.jpg,abacate
abacate452.jpg,abacate
abacate453.jpg,abacate
abacate454.jpg,abacate
abacate455.jpg,abacate
abacate456.jpg,abacate
abacate457.jpg,abacate
abacate458.jpg,abacate
abacate459.jpg,abacate
abacate460.jpg,abacate
abacate461.jpg,abacate
abacate462.jpg,abacate
abacate463.jpg,abacate
abacate464.jpg,abacate
abacate465.jpg,abacate
abacate466.jpg,abacate
abacate467.jpg,abacate
abacate468.jpg,abacate
abacate469.jpg,abacate
abacate470.jpg,abacate
abacate471.jpg,abacate
abacate472.jpg,abacate
abacate473.jpg,abacate
abacate474.jpg,abacate
abacate475.jpg,abacate
abacate476.jpg,abacate
abacate477.jpg,abacate
abacate478.jpg,abacate
abacate479.jpg,abacate
abacate480.jpg,abacate
abacate481.jpg,abacate
abacate482.jpg,abacate
abacate483.jpg,abacate
abacate484.jpg,abacate
abacate485.jpg,abacate
abacate486.jpg,abacate
abacate487.jpg,abacate
abacate488.jpg,abacate
abacate489.jpg,abacate
abacate490.jpg,abacate
abacate491.jpg,abacate
abacate492.jpg,abacate
abacate493.jpg,abacate
abacate494.jpg,abacate
abacate495.jpg,abacate
abacate496.jpg,abacate
abacate497.jpg,abacate
abacate498.jpg,abacate
abacate499.jpg,abacate
abacate500.jpg,abacate
abacate501.jpg,abacate
abacate502.jpg,abacate
abacate503.jpg,abacate
abacate504.jpg,abacate
abacate505.jpg,abacate
abacate506.jpg,abacate
abacate507.jpg,abacate
abacate508.jpg,abacate
abacate509.jpg,abacate
abacate510.jpg,abacate
abacate511.jpg,abacate
abacate512.jpg,abacate
abacate513.jpg,abacate
abacate514.jpg,abacate
abacate515.jpg,abacate
abacate516.jpg,abacate
abacate517.jpg,abacate
abacate518.jpg,abacate
abacate519.jpg,abacate
abacate520.jpg,abacate
abacate521.jpg,abacate
abacate522.jpg,abacate
abacate523.jpg,abacate
abacate524.jpg,abacate
abacate525.jpg,abacate
abacate526.jpg,abacate
abacate527.jpg,abacate
abacate528.jpg,abacate
abacate529.jpg,abacate
abacate530.jpg,abacate
abacate531.jpg,abacate
abacate532.jpg,abacate
abacate533.jpg,abacate
abacate534.jpg,abacate
abacate535.jpg,abacate
abacate536.jpg,abacate
abacate537.jpg,abacate
abacate538.jpg,abacate
abacate539.jpg,abacate
abacate540.jpg,abacate
abacate541.jpg,abacate
abacate542.jpg,abacate
abacate543.jpg,abacate
abacate544.jpg,abacate
abacate545.jpg,abacate
abacate546.jpg,abacate
abacate547.jpg,abacate
abacate548.jpg,abacate
abacate549.jpg,abacate
abacate550.jpg,abacate
abacate551.jpg,abacate
abacate552.jpg,abacate
abacate553.jpg,abacate
abacate554.jpg,abacate
abacate555.jpg,abacate
abacate556.jpg,abacate
abacate557.jpg,abacate
abacate558.jpg,abacate
abacate559.jpg,abacate
abacate560.jpg,abacate
abacate561.jpg,abacate
abacate562.jpg,abacate
abacate563.jpg,abacate
abacate564.jpg,abacate
abacate565.jpg,abacate
abacate566.jpg,abacate
abacate567.jpg,abacate
abacate568.jpg,abacate
abacate569.jpg,abacate
abacate570.jpg,abacate
abacate571.jpg,abacate
abacate572.jpg,abacate
abacate573.jpg,abacate
abacate574.jpg,abacate
abacate575.jpg,abacate
abacate576.jpg,abacate
abacate577.jpg,abacate
abacate578.jpg,abacate
abacate579.jpg,abacate
abacate580.jpg,abacate
abacate581.jpg,abacate
abacate582.jpg,abacate
abacate583.jpg,abacate
abacate584.jpg,abacate
abacate585.jpg,abacate
abacate586.jpg,abacate
abacate587.jpg,abacate
abacate588.jpg,abacate
abacate589.jpg,abacate
abacate590.jpg,abacate
abacate591.jpg,abacate
abacate592.jpg,abacate
abacate593.jpg,abacate
abacate594.jpg,abacate
abacate595.jpg,abacate
abacate596.jpg,abacate
abacate597.jpg,abacate
abacate598.jpg,abacate
abacate599.jpg,abacate
abacate600.jpg,abacate
abacate601.jpg,abacate
abacate602.jpg,abacate
abacate603.jpg,abacate
abacate604.jpg,abacate
abacate605.jpg,abacate
abacate606.jpg,abacate
abacate607.jpg,abacate
abacate608.jpg,abacate
abacate609.jpg,abacate
abacate610.jpg,abacate
abacate611.jpg,abacate
abacate612.jpg,abacate
abacate613.jpg,abacate
abacate614.jpg,abacate
abacate615.jpg,abacate
abacate616.jpg,abacate
abacate617.jpg,abacate
abacate618.jpg,abacate
abacate619.jpg,abacate
abacate620.jpg,abacate
abacate621.jpg,abacate
abacate622.jpg,abacate
abacate623.jpg,abacate
abacate624.jpg,abacate
abacate625.jpg,abacate
abacate626.jpg,abacate
abacate627.jpg,abacate
abacate628.jpg,abacate
abacate629.jpg,abacate
abacate630.jpg,abacate
abacate631.jpg,abacate
abacate632.jpg,abacate
abacate633.jpg,abacate
abacate634.jpg,abacate
abacate635.jpg,abacate
abacate636.jpg,abacate
abacate637.jpg,abacate
abacate638.jpg,abacate
abacate639.jpg,abacate
abacate640.jpg,abacate
abacate641.jpg,abacate
abacate642.jpg,abacate
abacate643.jpg,abacate
abacate644.jpg,abacate
abacate645.jpg,abacate
abacate646.jpg,abacate
abacate647.jpg,abacate
abacate648.jpg,abacate
abacate649.jpg,abacate
abacate650.jpg,abacate
abacate651.jpg,abacate
abacate652.jpg,abacate
abacate653.jpg,abacate
abacate654.jpg,abacate
abacate655.jpg,abacate
abacate656.jpg,abacate
abacate657.jpg,abacate
abacate658.jpg,abacate
abacate659.jpg,abacate
abacate660.jpg,abacate
abacate661.jpg,abacate
abacate662.jpg,abacate
abacate663.jpg,abacate
abacate664.jpg,abacate
abacate665.jpg,abacate
abacate666.jpg,abacate
abacate667.jpg,abacate
abacate668.jpg,abacate
abacate669.jpg,abacate
abacate670.jpg,abacate
abacate671.jpg,abacate
abacate672.jpg,abacate
abacate673.jpg,abacate
abacate674.jpg,abacate
abacate675.jpg,abacate
abacate676.jpg,abacate
abacate677.jpg,abacate
abacate678.jpg,abacate
abacate679.jpg,abacate
abacate680.jpg,abacate
abacate681.jpg,abacate
abacate682.jpg,abacate
abacate683.jpg,abacate
abacate684.jpg,abacate
abacate685.jpg,abacate
abacate686.jpg,abacate
abacate687.jpg,abacate
abacate688.jpg,abacate
abacate689.jpg,abacate
abacate690.jpg,abacate
abacate691.jpg,abacate
abacate692.jpg,abacate
abacate693.jpg,abacate
abacate694.jpg,abacate
abacate695.jpg,abacate
abacate696.jpg,abacate
abacate697.jpg,abacate
abacate698.jpg,abacate
abacate699.jpg,abacate
abacate700.jpg,abacate
abacate701.jpg,abacate
abacate702.jpg,abacate
abacate703.jpg,abacate
abacate704.jpg,abacate
abacate705.jpg,abacate
abacate706.jpg,abacate
abacate707.jpg,abacate
abacate708.jpg,abacate
abacate709.jpg,abacate
abacate710.jpg,abacate
abacate711.jpg,abacate
abacate712.jpg,abacate
abacate713.jpg,abacate
abacate714.jpg,abacate
abacate715.jpg,abacate
abacate716.jpg,abacate
abacate717.jpg,abacate
abacate718.jpg,abacate
abacate719.jpg,abacate
abacate720.jpg,abacate
abacate721.jpg,abacate
abacate722.jpg,abacate
abacate723.jpg,abacate
abacate724.jpg,abacate
abacate725.jpg,abacate
abacate726.jpg,abacate
abacate727.jpg,abacate
abacate728.jpg,abacate
abacate729.jpg,abacate
abacate730.jpg,abacate
abacate731.jpg,abacate
abacate732.jpg,abacate
abacate733.jpg,abacate
abacate734.jpg,abacate
abacate735.jpg,abacate
abacate736.jpg,abacate
abacate737.jpg,abacate
abacate738.jpg,abacate
abacate739.jpg,abacate
abacate740.jpg,abacate
abacate741.jpg,abacate
abacate742.jpg,abacate
abacate743.jpg,abacate
abacate744.jpg,abacate
abacate745.jpg,abacate
abacate746.jpg,abacate
abacate747.jpg,abacate
abacate748.jpg,abacate
abacate749.jpg,abacate
abacate750.jpg,abacate
abacate751.jpg,abacate
abacate752.jpg,abacate
abacate753.jpg,abacate
abacate754.jpg,abacate
abacate755.jpg,abacate
abacate756.jpg,abacate
abacate757.jpg,abacate
abacate758.jpg,abacate
abacate759.jpg,abacate
abacate760.jpg,abacate
abacate761.jpg,abacate
abacate762.jpg,abacate
abacate763.jpg,abacate
abacate764.jpg,abacate
abacate765.jpg,abacate
abacate766.jpg,abacate
abacate767.jpg,abacate
abacate768.jpg,abacate
abacate769.jpg,abacate
abacate770.jpg,abacate
abacate771.jpg,abacate
abacate772.jpg,abacate
abacate773.jpg,abacate
abacate774.jpg,abacate
abacate775.jpg,abacate
abacate776.jpg,abacate
abacate777.jpg,abacate
abacate778.jpg,abacate
abacate779.jpg,abacate
abacate780.jpg,abacate
abacate781.jpg,abacate
abacate782.jpg,abacate
abacate783.jpg,abacate
abacate784.jpg,abacate
abacate785.jpg,abacate
abacate786.jpg,abacate
abacate787.jpg,abacate
abacate788.jpg,abacate
abacate789.jpg,abacate
abacate790.jpg,abacate
abacate791.jpg,abacate
abacate792.jpg,abacate
abacate793.jpg,abacate
abacate794.jpg,abacate
abacate795.jpg,abacate
abacate796.jpg,abacate
abacate797.jpg,abacate
abacate798.jpg,abacate
abacate799.jpg,abacate
abacate800.jpg,abacate
abacate801.jpg,abacate
abacate802.jpg,abacate
abacate803.jpg,abacate
abacate804.jpg,abacate
abacate805.jpg,abacate
abacate806.jpg,abacate
abacate807.jpg,abacate
abacate808.jpg,abacate
abacate809.jpg,abacate
abacate810.jpg,abacate
abacate811.jpg,abacate
abacate812.jpg,abacate
abacate813.jpg,abacate
abacate814.jpg,abacate
abacate815.jpg,abacate
abacate816.jpg,abacate
abacate817.jpg,abacate
abacate818.jpg,abacate
abacate819.jpg,abacate
abacate820.jpg,abacate
abacate821.jpg,abacate
abacate822.jpg,abacate
abacate823.jpg,abacate
abacate824.jpg,abacate
abacate825.jpg,abacate
abacate826.jpg,abacate
abacate827.jpg,abacate
abacate828.jpg,abacate
abacate829.jpg,abacate
abacate830.jpg,abacate
abacate831.jpg,abacate
abacate832.jpg,abacate
abacate833.jpg,abacate
abacate834.jpg,abacate
abacate835.jpg,abacate
abacate836.jpg,abacate
abacate837.jpg,abacate
abacate838.jpg,abacate
abacate839.jpg,abacate
abacate840.jpg,abacate
abacate841.jpg,abacate
abacate842.jpg,abacate
abacate843.jpg,abacate
abacate844.jpg,abacate
abacate845.jpg,abacate
abacate846.jpg,abacate
abacate847.jpg,abacate
abacate848.jpg,abacate
abacate849.jpg,abacate
abacate850.jpg,abacate
abacate851.jpg,abacate
abacate852.jpg,abacate
abacate853.jpg,abacate
abacate854.jpg,abacate
abacate855.jpg,abacate
abacate856.jpg,abacate
abacate857.jpg,abacate
abacate858.jpg,abacate
abacate859.jpg,abacate
abacate860.jpg,abacate
abacate861.jpg,abacate
abacate862.jpg,abacate
abacate863.jpg,abacate
abacate864.jpg,abacate
abacate865.jpg,abacate
abacate866.jpg,abacate
abacate867.jpg,abacate
abacate868.jpg,abacate
abacate869.jpg,abacate
abacate870.jpg,abacate
abacate871.jpg,abacate
abacate872.jpg,abacate
abacate873.jpg,abacate
abacate874.jpg,abacate
abacate875.jpg,abacate
abacate876.jpg,abacate
abacate877.jpg,abacate
abacate878.jpg,abacate
abacate879.jpg,abacate
abacate880.jpg,abacate
abacate881.jpg,abacate
abacate882.jpg,abacate
abacate883.jpg,abacate
abacate884.jpg,abacate
abacate885.jpg,abacate
abacate886.jpg,abacate
abacate887.jpg,abacate
abacate888.jpg,abacate
abacate889.jpg,abacate
abacate890.jpg,abacate
abacate891.jpg,abacate
abacate892.jpg,abacate
abacate893.jpg,abacate
abacate894.jpg,abacate
abacate895.jpg,abacate
abacate896.jpg,abacate
abacate897.jpg,abacate
abacate898.jpg,abacate
abacate899.jpg,abacate
abacate900.jpg,abacate
abacate901.jpg,abacate
abacate902.jpg,abacate
abacate903.jpg,abacate
abacate904.jpg,abacate
abacate905.jpg,abacate
abacate906.jpg,abacate
abacate907.jpg,abacate
abacate908.jpg,abacate
abacate909.jpg,abacate
abacate910.jpg,abacate
abacate911.jpg,abacate
abacate912.jpg,abacate
abacate913.jpg,abacate
abacate914.jpg,abacate
abacate915.jpg,abacate
abacate916.jpg,abacate
abacate917.jpg,abacate
abacate918.jpg,abacate
abacate919.jpg,abacate
abacate920.jpg,abacate
abacate921.jpg,abacate
abacate922.jpg,abacate
abacate923.jpg,abacate
abacate924.jpg,abacate
abacate925.jpg,abacate
abacate926.jpg,abacate
abacate927.jpg,abacate
abacate928.jpg,abacate
abacate929.jpg,abacate
abacate930.jpg,abacate
abacate931.jpg,abacate
abacate932.jpg,abacate
abacate933.jpg,abacate
abacate934.jpg,abacate
abacate935.jpg,abacate
abacate936.jpg,abacate
abacate937.jpg,abacate
abacate938.jpg,abacate
abacate939.jpg,abacate
abacate940.jpg,abacate
abacate941.jpg,abacate
abacate942.jpg,abacate
abacate943.jpg,abacate
abacate944.jpg,abacate
abacate945.jpg,abacate
abacate946.jpg,abacate
abacate947.jpg,abacate
abacate948.jpg,abacate
abacate949.jpg,abacate
abacate950.jpg,abacate
abacate951.jpg,abacate
abacate952.jpg,abacate
abacate953.jpg,abacate
abacate954.jpg,abacate
abacate955.jpg,abacate
abacate956.jpg,abacate
abacate957.jpg,abacate
abacate958.jpg,abacate
abacate959.jpg,abacate
abacate960.jpg,abacate
abacate961.jpg,abacate
abacate962.jpg,abacate
abacate963.jpg,abacate
abacate964.jpg,abacate
abacate965.jpg,abacate
abacate966.jpg,abacate
abacate967.jpg,abacate
abacate968.jpg,abacate
abacate969.jpg,abacate
abacate970.jpg,abacate
abacate971.jpg,abacate
abacate972.jpg,abacate
abacate973.jpg,abacate
abacate974.jpg,abacate
abacate975.jpg,abacate
abacate976.jpg,abacate
abacate977.jpg,abacate
abacate978.jpg,abacate
abacate979.jpg,abacate
abacate980.jpg,abacate
abacate981.jpg,abacate
abacate982.jpg,abacate
abacate983.jpg,abacate
abacate984.jpg,abacate
abacate985.jpg,abacate
abacate986.jpg,abacate
abacate987.jpg,abacate
abacate988.jpg,abacate
abacate989.jpg,abacate
abacate990.jpg,abacate
abacate991.jpg,abacate
abacate992.jpg,abacate
abacate993.jpg,abacate
abacate994.jpg,abacate
abacate995.jpg,abacate
abacate996.jpg,abacate
abacate997.jpg,abacate
abacate998.jpg,abacate
abacate999.jpg,abacate
abacate1000.jpg,abacate
abacate1001.jpg,abacate
abacate1002.jpg,abacate
abacate1003.jpg,abacate
abacate1004.jpg,abacate
abacate1005.jpg,abacate
abacate1006.jpg,abacate
abacate1007.jpg,abacate
abacate1008.jpg,abacate
abacate1009.jpg,abacate
abacate1010.jpg,abacate
abacate1011.jpg,abacate
abacate1012.jpg,abacate
abacate1013.jpg,abacate
abacate1014.jpg,abacate
abacate1015.jpg,abacate
abacate1016.jpg,abacate
abacate1017.jpg,abacate
abacate1018.jpg,abacate
abacate1019.jpg,abacate
abacate1020.jpg,abacate
abacate1021.jpg,abacate
abacate1022.jpg,abacate
abacate1023.jpg,abacate
abacate1024.jpg,abacate
abacate1025.jpg,abacate
abacate1026.jpg,abacate
abacate1027.jpg,abacate
abacate1028.jpg,abacate
abacate1029.jpg,abacate
abacate1030.jpg,abacate
abacate1031.jpg,abacate
abacate1032.jpg,abacate
abacate1033.jpg,abacate
abacate1034.jpg,abacate
abacate1035.jpg,abacate
abacate1036.jpg,abacate
abacate1037.jpg,abacate
abacate1038.jpg,abacate
abacate1039.jpg,abacate
abacate1040.jpg,abacate
abacate1041.jpg,abacate
abacate1042.jpg,abacate
abacate1043.jpg,abacate
abacate1044.jpg,abacate
abacate1045.jpg,abacate
abacate1046.jpg,abacate
abacate1047.jpg,abacate
abacate1048.jpg,abacate
abacate1049.jpg,abacate
abacate1050.jpg,abacate
abacate1051.jpg,abacate
abacate1052.jpg,abacate
abacate1053.jpg,abacate
abacate1054.jpg,abacate
abacate1055.jpg,abacate
abacate1056.jpg,abacate
abacate1057.jpg,abacate
abacate1058.jpg,abacate
abacate1059.jpg,abacate
abacate1060.jpg,abacate
abacate1061.jpg,abacate
abacate1062.jpg,abacate
abacate1063.jpg,abacate
abacate1064.jpg,abacate
abacate1065.jpg,abacate
abacate1066.jpg,abacate
abacate1067.jpg,abacate
abacate1068.jpg,abacate
abacate1069.jpg,abacate
abacate1070.jpg,abacate
abacate1071.jpg,abacate
abacate1072.jpg,abacate
abacate1073.jpg,abacate
abacate1074.jpg,abacate
abacate1075.jpg,abacate
abacate1076.jpg,abacate
abacate1077.jpg,abacate
abacate1078.jpg,abacate
abacate1079.jpg,abacate
abacate1080.jpg,abacate
abacate1081.jpg,abacate
abacate1082.jpg,abacate
abacate1083.jpg,abacate
abacate1084.jpg,abacate
abacate1085.jpg,abacate
abacate1086.jpg,abacate
abacate1087.jpg,abacate
abacate1088.jpg,abacate
abacate1089.jpg,abacate
abacate1090.jpg,abacate
abacate1091.jpg,abacate
abacate1092.jpg,abacate
abacate1093.jpg,abacate
abacate1094.jpg,abacate
abacate1095.jpg,abacate
abacate1096.jpg,abacate
abacate1097.jpg,abacate
abacate1098.jpg,abacate
abacate1099.jpg,abacate
abacate1100.jpg,abacate
abacate1101.jpg,abacate
abacate1102.jpg,abacate
abacate1103.jpg,abacate
abacate1104.jpg,abacate
abacate1105.jpg,abacate
abacate1106.jpg,abacate
abacate1107.jpg,abacate
abacate1108.jpg,abacate
abacate1109.jpg,abacate
abacate1110.jpg,abacate
abacate1111.jpg,abacate
abacate1112.jpg,abacate
abacate1113.jpg,abacate
abacate1114.jpg,abacate
abacate1115.jpg,abacate
abacate1116.jpg,abacate
abacate1117.jpg,abacate
abacate1118.jpg,abacate
abacate1119.jpg,abacate
abacate1120.jpg,abacate
abacate1121.jpg,abacate
abacate1122.jpg,abacate
abacate1123.jpg,abacate
abacate1124.jpg,abacate
abacate1125.jpg,abacate
abacate1126.jpg,abacate
abacate1127.jpg,abacate
abacate1128.jpg,abacate
abacate1129.jpg,abacate
abacate1130.jpg,abacate
abacate1131.jpg,abacate
abacate1132.jpg,abacate
abacate1133.jpg,abacate
abacate1134.jpg,abacate
abacate1135.jpg,abacate
abacate1136.jpg,abacate
abacate1137.jpg,abacate
abacate1138.jpg,abacate
abacate1139.jpg,abacate
abacate1140.jpg,abacate
abacate1141.jpg,abacate
abacate1142.jpg,abacate
abacate1143.jpg,abacate
abacate1144.jpg,abacate
abacate1145.jpg,abacate
abacate1146.jpg,abacate
abacate1147.jpg,abacate
abacate1148.jpg,abacate
abacate1149.jpg,abacate
abacate1150.jpg,abacate
abacate1151.jpg,abacate
abacate1152.jpg,abacate
abacate1153.jpg,abacate
abacate1154.jpg,abacate
abacate1155.jpg,abacate
abacate1156.jpg,abacate
abacate1157.jpg,abacate
abacate1158.jpg,abacate
abacate1159.jpg,abacate
abacate1160.jpg,abacate
abacate1161.jpg,abacate
abacate1162.jpg,abacate
abacate1163.jpg,abacate
abacate1164.jpg,abacate
abacate1165.jpg,abacate
abacate1166.jpg,abacate
abacate1167.jpg,abacate
abacate1168.jpg,abacate
abacate1169.jpg,abacate
abacate1170.jpg,abacate
abacate1171.jpg,abacate
abacate1172.jpg,abacate
abacate1173.jpg,abacate
abacate1174.jpg,abacate
abacate1175.jpg,abacate
abacate1176.jpg,abacate
abacate1177.jpg,abacate
abacate1178.jpg,abacate
abacate1179.jpg,abacate
abacate1180.jpg,abacate
abacate1181.jpg,abacate
abacate1182.jpg,abacate
abacate1183.jpg,abacate
abacate1184.jpg,abacate
abacate1185.jpg,abacate
abacate1186.jpg,abacate
abacate1187.jpg,abacate
abacate1188.jpg,abacate
abacate1189.jpg,abacate
abacate1190.jpg,abacate
abacate1191.jpg,abacate
abacate1192.jpg,abacate
abacate1193.jpg,abacate
abacate1194.jpg,abacate
abacate1195.jpg,abacate
abacate1196.jpg,abacate
abacate1197.jpg,abacate
abacate1198.jpg,abacate
abacate1199.jpg,abacate
abacate1200.jpg,abacate
abacate1201.jpg,abacate
abacate1202.jpg,abacate
abacate1203.jpg,abacate
abacate1204.jpg,abacate
abacate1205.jpg,abacate
abacate1206.jpg,abacate
abacate1207.jpg,abacate
abacate1208.jpg,abacate
abacate1209.jpg,abacate
abacate1210.jpg,abacate
abacate1211.jpg,abacate
abacate1212.jpg,abacate
abacate1213.jpg,abacate
abacate1214.jpg,abacate
abacate1215.jpg,abacate
abacate1216.jpg,abacate
abacate1217.jpg,abacate
abacate1218.jpg,abacate
abacate1219.jpg,abacate
abacate1220.jpg,abacate
abacate1221.jpg,abacate
abacate1222.jpg,abacate
abacate1223.jpg,abacate
abacate1224.jpg,abacate
abacate1225.jpg,abacate
abacate1226.jpg,abacate
abacate1227.jpg,abacate
abacate1228.jpg,abacate
abacate1229.jpg,abacate
abacate1230.jpg,abacate
abacate1231.jpg,abacate
abacate1232.jpg,abacate
abacate1233.jpg,abacate
abacate1234.jpg,abacate
abacate1235.jpg,abacate
abacate1236.jpg,abacate
abacate1237.jpg,abacate
abacate1238.jpg,abacate
abacate1239.jpg,abacate
abacate1240.jpg,abacate
abacate1241.jpg,abacate
abacate1242.jpg,abacate
abacate1243.jpg,abacate
abacate1244.jpg,abacate
abacate1245.jpg,abacate
abacate1246.jpg,abacate
abacate1247.jpg,abacate
abacate1248.jpg,abacate
abacate1249.jpg,abacate
abacate1250.jpg,abacate
abacate1251.jpg,abacate
abacate1252.jpg,abacate
abacate1253.jpg,abacate
abacate1254.jpg,abacate
abacate1255.jpg,abacate
abacate1256.jpg,abacate
abacate1257.jpg,abacate
abacate1258.jpg,abacate
abacate1259.jpg,abacate
abacate1260.jpg,abacate
abacate1261.jpg,abacate
abacate1262.jpg,abacate
abacate1263.jpg,abacate
abacate1264.jpg,abacate
abacate1265.jpg,abacate
abacate1266.jpg,abacate
abacate1267.jpg,abacate
abacate1268.jpg,abacate
abacate1269.jpg,abacate
abacate1270.jpg,abacate
abacate1271.jpg,abacate
abacate1272.jpg,abacate
abacate1273.jpg,abacate
abacate1274.jpg,abacate
abacate1275.jpg,abacate
abacate1276.jpg,abacate
abacate1277.jpg,abacate
abacate1278.jpg,abacate
abacate1279.jpg,abacate
abacate1280.jpg,abacate
abacate1281.jpg,abacate
abacate1282.jpg,abacate
abacate1283.jpg,abacate
abacate1284.jpg,abacate
abacate1285.jpg,abacate
abacate1286.jpg,abacate
abacate1287.jpg,abacate
abacate1288.jpg,abacate
abacate1289.jpg,abacate
abacate1290.jpg,abacate
abacate1291.jpg,abacate
abacate1292.jpg,abacate
abacate1293.jpg,abacate
abacate1294.jpg,abacate
abacate1295.jpg,abacate
abacate1296.jpg,abacate
abacate1297.jpg,abacate
abacate1298.jpg,abacate
abacate1299.jpg,abacate
abacate1300.jpg,abacate
abacate1301.jpg,abacate
abacate1302.jpg,abacate
abacate1303.jpg,abacate
abacate1304.jpg,abacate
abacate1305.jpg,abacate
abacate1306.jpg,abacate
abacate1307.jpg,abacate
abacate1308.jpg,abacate
abacate1309.jpg,abacate
abacate1310.jpg,abacate
abacate1311.jpg,abacate
abacate1312.jpg,abacate
abacate1313.jpg,abacate
abacate1314.jpg,abacate
abacate1315.jpg,abacate
abacate1316.jpg,abacate
abacate1317.jpg,abacate
abacate1318.jpg,abacate
abacate1319.jpg,abacate
abacate1320.jpg,abacate
abacate1321.jpg,abacate
abacate1322.jpg,abacate
abacate1323.jpg,abacate
abacate1324.jpg,abacate
abacate1325.jpg,abacate
abacate1326.jpg,abacate
abacate1327.jpg,abacate
abacate1328.jpg,abacate
abacate1329.jpg,abacate
abacate1330.jpg,abacate
abacate1331.jpg,abacate
abacate1332.jpg,abacate
abacate1333.jpg,abacate
abacate1334.jpg,abacate
abacate1335.jpg,abacate
abacate1336.jpg,abacate
abacate1337.jpg,abacate
abacate1338.jpg,abacate
abacate1339.jpg,abacate
abacate1340.jpg,abacate
abacate1341.jpg,abacate
abacate1342.jpg,abacate
abacate1343.jpg,abacate
abacate1344.jpg,abacate
abacate1345.jpg,abacate
abacate1346.jpg,abacate
abacate1347.jpg,abacate
abacate1348.jpg,abacate
abacate1349.jpg,abacate
abacate1350.jpg,abacate
abacate1351.jpg,abacate
abacate1352.jpg,abacate
abacate1353.jpg,abacate
abacate1354.jpg,abacate
abacate1355.jpg,abacate
abacate1356.jpg,abacate
abacate1357.jpg,abacate
abacate1358.jpg,abacate
abacate1359.jpg,abacate
abacate1360.jpg,abacate
abacate1361.jpg,abacate
abacate1362.jpg,abacate
abacate1363.jpg,abacate
abacate1364.jpg,abacate
abacate1365.jpg,abacate
abacate1366.jpg,abacate
abacate1367.jpg,abacate
abacate1368.jpg,abacate
abacate1369.jpg,abacate
abacate1370.jpg,abacate
abacate1371.jpg,abacate
abacate1372.jpg,abacate
abacate1373.jpg,abacate
abacate1374.jpg,abacate
abacate1375.jpg,abacate
abacate1376.jpg,abacate
abacate1377.jpg,abacate
abacate1378.jpg,abacate
abacate1379.jpg,abacate
abacate1380.jpg,abacate
abacate1381.jpg,abacate
abacate1382.jpg,abacate
abacate1383.jpg,abacate
abacate1384.jpg,abacate
abacate1385.jpg,abacate
abacate1386.jpg,abacate
abacate1387.jpg,abacate
abacate1388.jpg,abacate
abacate1389.jpg,abacate
abacate1390.jpg,abacate
abacate1391.jpg,abacate
abacate1392.jpg,abacate
abacate1393.jpg,abacate
abacate1394.jpg,abacate
abacate1395.jpg,abacate
